filename,class,width,height,resolution,format,size_mb,color_type,blur,brightness,orientation,is_blurry
003_1.JPG,Afro-ecuadorians,1920,1280,1920x1280,.JPG,0.8157205581665039,RGB,11.354553210764461,196.7574727376302,Horizontal,False
003_10.JPG,Afro-ecuadorians,1920,1280,1920x1280,.JPG,0.5813398361206055,RGB,4.232873879435162,156.82406901041668,Horizontal,False
003_11.JPG,Afro-ecuadorians,1920,1280,1920x1280,.JPG,0.9348583221435547,RGB,5.637553670532836,199.1925703938802,Horizontal,False
003_12.JPG,Afro-ecuadorians,1920,1280,1920x1280,.JPG,0.7945423126220703,RGB,8.895907385189664,202.26631551106772,Horizontal,False
003_13.JPG,Afro-ecuadorians,1920,1280,1920x1280,.JPG,0.6554203033447266,RGB,4.959207348463271,219.64065795898438,Horizontal,False
003_14.JPG,Afro-ecuadorians,1920,1280,1920x1280,.JPG,0.8070974349975586,RGB,4.961850177478624,210.33517944335938,Horizontal,False
003_15.JPG,Afro-ecuadorians,1920,1280,1920x1280,.JPG,0.8434963226318359,RGB,5.7029589839610795,215.9514522298177,Horizontal,False
003_16.JPG,Afro-ecuadorians,1920,1280,1920x1280,.JPG,0.8572187423706055,RGB,6.621801349086066,216.7047139485677,Horizontal,False
003_17.JPG,Afro-ecuadorians,1920,1280,1920x1280,.JPG,0.8471889495849609,RGB,7.704787190667623,207.0554064941406,Horizontal,False
003_18.JPG,Afro-ecuadorians,1920,1280,1920x1280,.JPG,0.7602214813232422,RGB,6.150343831014467,204.1937353515625,Horizontal,False
003_19.JPG,Afro-ecuadorians,1920,1280,1920x1280,.JPG,0.7610836029052734,RGB,5.389295646210346,168.11191040039063,Horizontal,False
003_2.JPG,Afro-ecuadorians,1920,1280,1920x1280,.JPG,0.6225194931030273,RGB,3.0322607350243462,183.22554077148436,Horizontal,True
003_20.JPG,Afro-ecuadorians,1920,1280,1920x1280,.JPG,0.7241353988647461,RGB,7.1197725422698594,178.52820149739583,Horizontal,False
003_21.JPG,Afro-ecuadorians,1920,1280,1920x1280,.JPG,0.6037530899047852,RGB,3.108696669604878,207.9256075032552,Horizontal,True
003_22.JPG,Afro-ecuadorians,1920,1280,1920x1280,.JPG,0.8722124099731445,RGB,6.204495022919278,182.57890462239584,Horizontal,False
003_23.JPG,Afro-ecuadorians,1920,1280,1920x1280,.JPG,0.9162406921386719,RGB,15.099958902688655,175.60898722330728,Horizontal,False
003_24.JPG,Afro-ecuadorians,1920,1280,1920x1280,.JPG,0.6150264739990234,RGB,4.945867512463861,217.6636014811198,Horizontal,False
003_25.JPG,Afro-ecuadorians,1920,1280,1920x1280,.JPG,0.6237325668334961,RGB,4.765982259072198,205.93615397135417,Horizontal,False
003_26.JPG,Afro-ecuadorians,1920,1280,1920x1280,.JPG,0.6116008758544922,RGB,5.865477292497786,204.54595255533854,Horizontal,False
003_27.JPG,Afro-ecuadorians,1920,1280,1920x1280,.JPG,0.5650043487548828,RGB,5.326097005142106,211.55552734375,Horizontal,False
003_28.JPG,Afro-ecuadorians,1920,1280,1920x1280,.JPG,0.20645523071289062,RGB,7.579970136236979,208.07912312825522,Horizontal,False
003_29.JPG,Afro-ecuadorians,1920,1280,1920x1280,.JPG,0.5992717742919922,RGB,6.571097811285655,210.08645426432292,Horizontal,False
003_3.JPG,Afro-ecuadorians,1920,1280,1920x1280,.JPG,1.0684928894042969,RGB,6.28658976183186,176.2244014485677,Horizontal,False
003_30.JPG,Afro-ecuadorians,1920,1280,1920x1280,.JPG,0.5003042221069336,RGB,5.6040116371669715,215.42146443684896,Horizontal,False
003_31.JPG,Afro-ecuadorians,1920,1280,1920x1280,.JPG,0.8705472946166992,RGB,8.498703204757472,166.21070841471354,Horizontal,False
003_32.JPG,Afro-ecuadorians,1920,1280,1920x1280,.JPG,0.7041530609130859,RGB,5.570231510264178,200.19201293945312,Horizontal,False
003_33.JPG,Afro-ecuadorians,1920,1280,1920x1280,.JPG,0.619563102722168,RGB,10.437382404041124,207.03419026692708,Horizontal,False
003_34.JPG,Afro-ecuadorians,1920,1280,1920x1280,.JPG,0.4428844451904297,RGB,8.616169272978437,217.61327799479167,Horizontal,False
003_35.JPG,Afro-ecuadorians,1920,1280,1920x1280,.JPG,0.662257194519043,RGB,4.257381591749025,214.47659423828125,Horizontal,False
003_36.JPG,Afro-ecuadorians,1920,1280,1920x1280,.JPG,1.050694465637207,RGB,9.59722614676406,162.7730057779948,Horizontal,False
003_37.JPG,Afro-ecuadorians,1920,1280,1920x1280,.JPG,0.73138427734375,RGB,8.528624253364237,195.9997733561198,Horizontal,False
003_38.JPG,Afro-ecuadorians,1920,1280,1920x1280,.JPG,0.7268276214599609,RGB,5.561335039812824,207.8124853515625,Horizontal,False
003_39.JPG,Afro-ecuadorians,1920,1280,1920x1280,.JPG,0.7582435607910156,RGB,10.091165769444405,191.51087565104166,Horizontal,False
003_4.JPG,Afro-ecuadorians,1920,1280,1920x1280,.JPG,0.916630744934082,RGB,4.068883850276305,187.32450480143228,Horizontal,False
003_40.JPG,Afro-ecuadorians,1920,1280,1920x1280,.JPG,0.6671323776245117,RGB,4.402824699448877,202.8223331705729,Horizontal,False
003_41.JPG,Afro-ecuadorians,1920,1280,1920x1280,.JPG,0.7037782669067383,RGB,5.508851603374878,217.57863932291667,Horizontal,False
003_42.JPG,Afro-ecuadorians,1920,1280,1920x1280,.JPG,0.8179740905761719,RGB,15.351961237837871,173.49136108398437,Horizontal,False
003_43.JPG,Afro-ecuadorians,1920,1280,1920x1280,.JPG,0.7502660751342773,RGB,8.226042881329688,187.64502807617188,Horizontal,False
003_44.JPG,Afro-ecuadorians,1920,1280,1920x1280,.JPG,0.7966909408569336,RGB,7.363376057545177,178.91580159505207,Horizontal,False
003_45.JPG,Afro-ecuadorians,1920,1280,1920x1280,.JPG,0.8319520950317383,RGB,6.053569315189123,131.40819864908855,Horizontal,False
003_46.JPG,Afro-ecuadorians,1920,1280,1920x1280,.JPG,0.797637939453125,RGB,5.985965576051175,148.0461678059896,Horizontal,False
003_47.JPG,Afro-ecuadorians,1920,1280,1920x1280,.JPG,0.8103828430175781,RGB,8.344334295192692,182.97871134440103,Horizontal,False
003_48.JPG,Afro-ecuadorians,1920,1280,1920x1280,.JPG,1.1424007415771484,RGB,6.1223836256656385,179.5411865234375,Horizontal,False
003_49.JPG,Afro-ecuadorians,1920,1280,1920x1280,.JPG,0.2010478973388672,RGB,3.3119771230055224,155.39142740885416,Horizontal,False
003_5.JPG,Afro-ecuadorians,1862,1280,1862x1280,.JPG,0.7670040130615234,RGB,19.123544486781892,201.15418065252416,Horizontal,False
003_50.JPG,Afro-ecuadorians,1920,1280,1920x1280,.JPG,1.1524429321289062,RGB,11.664379061984354,178.9412117513021,Horizontal,False
003_6.JPG,Afro-ecuadorians,1920,1280,1920x1280,.JPG,0.9791326522827148,RGB,5.028271072745158,175.56956339518229,Horizontal,False
003_7.JPG,Afro-ecuadorians,1920,1280,1920x1280,.JPG,0.7138004302978516,RGB,5.870570452101362,131.90155802408853,Horizontal,False
003_8.JPG,Afro-ecuadorians,1920,1280,1920x1280,.JPG,0.7708759307861328,RGB,4.346101481060021,155.4387674967448,Horizontal,False
003_9.JPG,Afro-ecuadorians,1920,1280,1920x1280,.JPG,0.7341680526733398,RGB,4.915827225526009,159.56014770507812,Horizontal,False
002_1.JPG,European descendants,1920,1280,1920x1280,.JPG,0.7032814025878906,RGB,8.19849161386076,222.52375,Horizontal,False
002_10.JPG,European descendants,1920,1280,1920x1280,.JPG,0.5946083068847656,RGB,2.244222004397048,151.7497216796875,Horizontal,True
002_11.JPG,European descendants,1920,1280,1920x1280,.JPG,0.46004581451416016,RGB,4.140640460898479,160.79633341471353,Horizontal,False
002_12.JPG,European descendants,1920,1280,1920x1280,.JPG,0.7490558624267578,RGB,5.549591451072031,196.81118326822917,Horizontal,False
002_13.JPG,European descendants,1920,1280,1920x1280,.JPG,0.6560945510864258,RGB,3.9476643804384604,201.48951253255208,Horizontal,False
002_14.JPG,European descendants,1920,1280,1920x1280,.JPG,0.6910715103149414,RGB,4.386171060190598,192.81708780924478,Horizontal,False
002_15.JPG,European descendants,1920,1280,1920x1280,.JPG,0.6658868789672852,RGB,5.172655029237105,201.04502970377604,Horizontal,False
002_16.JPG,European descendants,1920,1280,1920x1280,.JPG,0.7120876312255859,RGB,4.590802803774509,185.41522135416668,Horizontal,False
002_17.JPG,European descendants,1920,1280,1920x1280,.JPG,0.764918327331543,RGB,5.210047200371822,188.82113810221355,Horizontal,False
002_18.JPG,European descendants,1920,1280,1920x1280,.JPG,0.9940271377563477,RGB,4.9551989721044905,193.07967651367187,Horizontal,False
002_19.JPG,European descendants,1920,1280,1920x1280,.JPG,0.8424129486083984,RGB,14.482383619941604,197.23159790039062,Horizontal,False
002_2.JPG,European descendants,1920,1280,1920x1280,.JPG,0.8273944854736328,RGB,10.184190261442794,185.8670878092448,Horizontal,False
002_20.JPG,European descendants,1920,1280,1920x1280,.JPG,0.7881345748901367,RGB,7.1706945487484335,196.0250419108073,Horizontal,False
002_21.JPG,European descendants,1920,1280,1920x1280,.JPG,0.7955713272094727,RGB,8.10006426866783,189.30268147786458,Horizontal,False
002_22.JPG,European descendants,1920,1280,1920x1280,.JPG,0.7552251815795898,RGB,5.987868239146968,202.19314005533855,Horizontal,False
002_23.JPG,European descendants,1920,1280,1920x1280,.JPG,0.7335395812988281,RGB,9.19398192986846,200.70393513997396,Horizontal,False
002_24.JPG,European descendants,1920,1280,1920x1280,.JPG,0.9829139709472656,RGB,5.7960738051598275,196.16157389322916,Horizontal,False
002_25.JPG,European descendants,1920,1280,1920x1280,.JPG,0.9643821716308594,RGB,5.062965087687803,201.25135986328124,Horizontal,False
002_26.jpg,European descendants,1920,1280,1920x1280,.JPG,0.8742876052856445,RGB,3.8867350258721247,195.89841186523438,Horizontal,False
002_27.JPG,European descendants,1920,1280,1920x1280,.JPG,1.017416000366211,RGB,5.648507886508935,188.0290372721354,Horizontal,False
002_28.jpg,European descendants,1920,1280,1920x1280,.JPG,0.9242849349975586,RGB,4.2439591471188605,205.54371988932292,Horizontal,False
002_29.JPG,European descendants,1920,1280,1920x1280,.JPG,0.9607439041137695,RGB,4.257680662472381,183.26564208984374,Horizontal,False
002_3.JPG,European descendants,1920,1280,1920x1280,.JPG,0.7364301681518555,RGB,5.748352454753551,187.10155883789062,Horizontal,False
002_30.JPG,European descendants,1920,1280,1920x1280,.JPG,1.0563945770263672,RGB,8.310732421779633,187.12054239908855,Horizontal,False
002_31.JPG,European descendants,1920,1280,1920x1280,.JPG,0.9258832931518555,RGB,4.997421870437596,192.95954630533853,Horizontal,False
002_32.JPG,European descendants,1920,1280,1920x1280,.JPG,0.9226055145263672,RGB,4.293726386196746,185.18353800455728,Horizontal,False
002_33.JPG,European descendants,1920,1280,1920x1280,.JPG,0.8256731033325195,RGB,4.681801757091284,195.42887532552083,Horizontal,False
002_34.JPG,European descendants,1920,1280,1920x1280,.JPG,0.8915805816650391,RGB,4.124254148124158,193.42859008789063,Horizontal,False
002_35.JPG,European descendants,1920,1280,1920x1280,.JPG,0.9554052352905273,RGB,4.894318439966937,177.75786295572917,Horizontal,False
002_36.JPG,European descendants,1920,1280,1920x1280,.JPG,0.9287023544311523,RGB,4.1981245446402164,173.0948352050781,Horizontal,False
002_37.JPG,European descendants,1920,1280,1920x1280,.JPG,0.8922891616821289,RGB,4.138486727654768,186.594912109375,Horizontal,False
002_38.JPG,European descendants,1920,1280,1920x1280,.JPG,0.8718376159667969,RGB,4.16067219293846,180.7769462076823,Horizontal,False
002_39.JPG,European descendants,1920,1280,1920x1280,.JPG,0.8717813491821289,RGB,4.563357744510968,183.5435205078125,Horizontal,False
002_4.JPG,European descendants,1920,1280,1920x1280,.JPG,0.6902503967285156,RGB,5.558456217415465,188.9115665690104,Horizontal,False
002_40.JPG,European descendants,1920,1280,1920x1280,.JPG,0.8504514694213867,RGB,3.6736576333428426,178.4863728841146,Horizontal,False
002_41.JPG,European descendants,1920,1280,1920x1280,.JPG,0.9017133712768555,RGB,3.9752416979365868,173.5806091308594,Horizontal,False
002_42.JPG,European descendants,1920,1280,1920x1280,.JPG,0.5068960189819336,RGB,3.875150385636588,187.07818481445312,Horizontal,False
002_43.JPG,European descendants,1920,1280,1920x1280,.JPG,0.9744157791137695,RGB,5.180821125077539,155.2065877278646,Horizontal,False
002_44.JPG,European descendants,1920,1280,1920x1280,.JPG,0.9651355743408203,RGB,4.757025552971496,174.31265258789062,Horizontal,False
002_45.JPG,European descendants,1920,1280,1920x1280,.JPG,0.9081802368164062,RGB,4.468814289598995,181.79943318684897,Horizontal,False
002_46.JPG,European descendants,1920,1280,1920x1280,.JPG,0.8275690078735352,RGB,4.227561848280165,214.36450642903645,Horizontal,False
002_47.JPG,European descendants,1920,1280,1920x1280,.JPG,0.8298740386962891,RGB,3.2676326494190424,215.2398710123698,Horizontal,False
002_48.JPG,European descendants,1920,1280,1920x1280,.JPG,0.845271110534668,RGB,3.6398653155033784,184.15755411783854,Horizontal,False
002_49.JPG,European descendants,1920,1280,1920x1280,.JPG,0.49494171142578125,RGB,4.310338613552352,212.9098124186198,Horizontal,False
002_5.JPG,European descendants,1920,1280,1920x1280,.JPG,0.7018461227416992,RGB,5.145952554681401,195.84592569986978,Horizontal,False
002_50.JPG,European descendants,1920,1280,1920x1280,.JPG,0.4675636291503906,RGB,2.7453802538035648,187.55199951171875,Horizontal,True
002_6.JPG,European descendants,1920,1280,1920x1280,.JPG,0.21059703826904297,RGB,5.736356813110245,207.1733935546875,Horizontal,False
002_7.JPG,European descendants,1920,1280,1920x1280,.JPG,0.7264680862426758,RGB,6.076409093120198,190.26337036132813,Horizontal,False
002_8.JPG,European descendants,1920,1280,1920x1280,.JPG,0.6820316314697266,RGB,4.731756989319457,190.13115763346354,Horizontal,False
002_9.JPG,European descendants,1920,1280,1920x1280,.JPG,0.7119960784912109,RGB,4.862905679800609,207.05029337565105,Horizontal,False
001_1.JPG,Indigenous,1920,1280,1920x1280,.JPG,0.6806983947753906,RGB,4.109115396578444,172.8560791015625,Horizontal,False
001_10.JPG,Indigenous,1920,1280,1920x1280,.JPG,0.6718673706054688,RGB,4.539462473622792,193.45065551757813,Horizontal,False
001_11.JPG,Indigenous,1920,1280,1920x1280,.JPG,0.6968412399291992,RGB,5.767578528883557,201.56259318033855,Horizontal,False
001_12.JPG,Indigenous,1920,1280,1920x1280,.JPG,0.712864875793457,RGB,5.294691159268054,194.40198852539064,Horizontal,False
001_13.JPG,Indigenous,1920,1280,1920x1280,.JPG,0.7732152938842773,RGB,6.264272866956227,187.02521280924478,Horizontal,False
001_14.JPG,Indigenous,1920,1280,1920x1280,.JPG,0.7525081634521484,RGB,7.935231521026129,203.19197469075522,Horizontal,False
001_15.JPG,Indigenous,1920,1280,1920x1280,.JPG,0.9617414474487305,RGB,4.438705639699929,197.34436401367188,Horizontal,False
001_16.JPG,Indigenous,1920,1280,1920x1280,.JPG,0.7426671981811523,RGB,8.52560709616277,194.66411254882811,Horizontal,False
001_17.JPG,Indigenous,1920,1280,1920x1280,.JPG,0.8867044448852539,RGB,4.137374266962045,182.76966267903646,Horizontal,False
001_18.JPG,Indigenous,1920,1280,1920x1280,.JPG,0.9051733016967773,RGB,4.220498450847301,177.3869539388021,Horizontal,False
001_19.JPG,Indigenous,1920,1280,1920x1280,.JPG,0.8886041641235352,RGB,4.420598551097015,180.88532511393228,Horizontal,False
001_2.JPG,Indigenous,1920,1280,1920x1280,.JPG,0.6914186477661133,RGB,4.1361258879500955,185.16431925455728,Horizontal,False
001_20.JPG,Indigenous,1920,1280,1920x1280,.JPG,0.9762792587280273,RGB,5.711314278649621,180.683740234375,Horizontal,False
001_21.JPG,Indigenous,1920,1280,1920x1280,.JPG,0.9466381072998047,RGB,4.648694640943739,180.22341674804687,Horizontal,False
001_22.JPG,Indigenous,1920,1280,1920x1280,.JPG,0.9392633438110352,RGB,5.019018538776371,177.6280428059896,Horizontal,False
001_23.JPG,Indigenous,1920,1280,1920x1280,.JPG,0.9491815567016602,RGB,4.530085848748518,176.76912760416667,Horizontal,False
001_24.JPG,Indigenous,1920,1280,1920x1280,.JPG,0.9315357208251953,RGB,5.1265222167887625,168.37097249348957,Horizontal,False
001_25.JPG,Indigenous,1920,1280,1920x1280,.JPG,0.8853855133056641,RGB,4.7564404295755764,182.19294962565104,Horizontal,False
001_26.JPG,Indigenous,1920,1280,1920x1280,.JPG,0.9682235717773438,RGB,5.483537540411949,173.44059529622396,Horizontal,False
001_27.JPG,Indigenous,1920,1280,1920x1280,.JPG,0.9093732833862305,RGB,6.584881184783909,178.57952392578125,Horizontal,False
001_28.JPG,Indigenous,1920,1280,1920x1280,.JPG,0.9004154205322266,RGB,4.249676920549075,180.3369600423177,Horizontal,False
001_29.JPG,Indigenous,1920,1280,1920x1280,.JPG,0.8640336990356445,RGB,4.0991324859718485,188.49029215494792,Horizontal,False
001_3.JPG,Indigenous,1920,1280,1920x1280,.JPG,0.7553424835205078,RGB,6.9052656901596325,190.61824869791667,Horizontal,False
001_30.JPG,Indigenous,1920,1280,1920x1280,.JPG,0.9744806289672852,RGB,5.322879231288035,166.75308512369793,Horizontal,False
001_31.JPG,Indigenous,1920,1280,1920x1280,.JPG,0.7919139862060547,RGB,4.291707763584289,207.35584635416666,Horizontal,False
001_32.JPG,Indigenous,1920,1280,1920x1280,.JPG,0.9613513946533203,RGB,4.677479645090632,204.99608846028647,Horizontal,False
001_33.JPG,Indigenous,1920,1280,1920x1280,.JPG,0.9868593215942383,RGB,4.810340976581971,183.84485677083333,Horizontal,False
001_34.JPG,Indigenous,1920,1280,1920x1280,.JPG,0.687535285949707,RGB,4.960617674721611,191.32938069661458,Horizontal,False
001_35.JPG,Indigenous,1920,1280,1920x1280,.JPG,1.0405645370483398,RGB,4.743417967348628,149.2473409016927,Horizontal,False
001_36.JPG,Indigenous,1920,1280,1920x1280,.JPG,0.6428232192993164,RGB,4.67316569009357,201.24178670247395,Horizontal,False
001_37.JPG,Indigenous,1920,1280,1920x1280,.JPG,0.8839864730834961,RGB,5.011238604839643,201.80834228515624,Horizontal,False
001_38.JPG,Indigenous,1920,1280,1920x1280,.JPG,0.9360570907592773,RGB,5.298451334465874,195.79916951497395,Horizontal,False
001_39.JPG,Indigenous,1920,1280,1920x1280,.JPG,0.9081268310546875,RGB,5.405460611714257,206.03742146809896,Horizontal,False
001_4.JPG,Indigenous,1920,1280,1920x1280,.JPG,0.6016578674316406,RGB,3.118233232614729,181.22054850260417,Horizontal,True
001_40.JPG,Indigenous,1920,1280,1920x1280,.JPG,0.8143949508666992,RGB,4.455343382755253,192.8193017578125,Horizontal,False
001_41.JPG,Indigenous,1920,1280,1920x1280,.JPG,0.8950300216674805,RGB,7.043420003253718,201.50258707682292,Horizontal,False
001_42.JPG,Indigenous,1920,1280,1920x1280,.JPG,0.8046350479125977,RGB,6.254559732808007,228.7165966796875,Horizontal,False
001_43.JPG,Indigenous,1920,1280,1920x1280,.JPG,1.0936927795410156,RGB,4.478879801418881,205.6712353515625,Horizontal,False
001_44.JPG,Indigenous,1920,1280,1920x1280,.JPG,1.1407804489135742,RGB,4.272473949876759,206.67559122721354,Horizontal,False
001_45.JPG,Indigenous,1920,1280,1920x1280,.JPG,0.7895288467407227,RGB,5.034326553722057,217.93765787760415,Horizontal,False
001_46.JPG,Indigenous,1920,1280,1920x1280,.JPG,0.7965898513793945,RGB,6.631883542655409,210.95546997070312,Horizontal,False
001_47.JPG,Indigenous,1920,1280,1920x1280,.JPG,0.9139633178710938,RGB,6.431630857514674,211.51645263671875,Horizontal,False
001_48.JPG,Indigenous,1920,1280,1920x1280,.JPG,0.7834234237670898,RGB,7.289146728515461,208.97780924479167,Horizontal,False
001_49.JPG,Indigenous,1920,1280,1920x1280,.JPG,1.0075149536132812,RGB,5.699823384896915,203.17114583333333,Horizontal,False
001_5.JPG,Indigenous,1920,1280,1920x1280,.JPG,0.7055025100708008,RGB,4.307877185986936,179.0476904296875,Horizontal,False
001_50.JPG,Indigenous,1920,1280,1920x1280,.JPG,0.7326974868774414,RGB,7.86347655505869,198.01530110677083,Horizontal,False
001_6.JPG,Indigenous,1920,1280,1920x1280,.JPG,0.6142082214355469,RGB,2.85967974304739,165.27476603190104,Horizontal,True
001_7.JPG,Indigenous,1920,1280,1920x1280,.JPG,0.7773427963256836,RGB,8.579954412182172,177.77509887695314,Horizontal,False
001_8.JPG,Indigenous,1920,1280,1920x1280,.JPG,0.7447929382324219,RGB,5.859206542856826,181.39326212565103,Horizontal,False
001_9.JPG,Indigenous,1920,1280,1920x1280,.JPG,0.7242336273193359,RGB,5.804711865424447,191.74813395182292,Horizontal,False
004_1.JPG,Mestizos,1920,1280,1920x1280,.JPG,0.8550958633422852,RGB,3.5077066998773154,181.82357869466145,Horizontal,False
004_10.JPG,Mestizos,1920,1280,1920x1280,.JPG,0.20764923095703125,RGB,5.337738652295371,205.6117529296875,Horizontal,False
004_100.JPG,Mestizos,1920,1280,1920x1280,.JPG,0.6908369064331055,RGB,6.210663654899431,198.7291914876302,Horizontal,False
004_101.JPG,Mestizos,1920,1280,1920x1280,.JPG,0.6892194747924805,RGB,4.754589435291124,183.02767456054687,Horizontal,False
004_102.JPG,Mestizos,1920,1280,1920x1280,.JPG,0.7980213165283203,RGB,8.362860106225645,184.3909130859375,Horizontal,False
004_103.JPG,Mestizos,1920,1280,1920x1280,.JPG,0.7145843505859375,RGB,4.510633939752976,185.5600020345052,Horizontal,False
004_104.JPG,Mestizos,1920,1280,1920x1280,.JPG,0.7559385299682617,RGB,5.239198799145056,184.28517130533854,Horizontal,False
004_105.JPG,Mestizos,1920,1280,1920x1280,.JPG,0.7011957168579102,RGB,5.1904923451317675,206.74520548502605,Horizontal,False
004_106.JPG,Mestizos,1920,1280,1920x1280,.JPG,0.7598018646240234,RGB,6.501457925597661,190.26301798502604,Horizontal,False
004_107.JPG,Mestizos,1920,1280,1920x1280,.JPG,0.7305192947387695,RGB,6.007491042571598,198.42016031901042,Horizontal,False
004_108.JPG,Mestizos,1920,1280,1920x1280,.JPG,0.6910400390625,RGB,4.120531819196376,188.91189493815105,Horizontal,False
004_109.JPG,Mestizos,1920,1280,1920x1280,.JPG,0.7615671157836914,RGB,6.081542552391523,194.9357100423177,Horizontal,False
004_11.JPG,Mestizos,1920,1280,1920x1280,.JPG,0.7056512832641602,RGB,4.148195800715022,181.58621663411458,Horizontal,False
004_110.JPG,Mestizos,1920,1280,1920x1280,.JPG,0.7246360778808594,RGB,4.67564330547634,191.7794893391927,Horizontal,False
004_111.JPG,Mestizos,1920,1280,1920x1280,.JPG,0.7363090515136719,RGB,5.521493322037988,192.97692545572917,Horizontal,False
004_112.JPG,Mestizos,1920,1280,1920x1280,.JPG,0.8193426132202148,RGB,9.563079421477848,194.6974462890625,Horizontal,False
004_113.JPG,Mestizos,1920,1280,1920x1280,.JPG,0.7419891357421875,RGB,6.22206989676406,201.4828633626302,Horizontal,False
004_114.JPG,Mestizos,1920,1280,1920x1280,.JPG,0.7499666213989258,RGB,5.897481646893919,197.22534423828125,Horizontal,False
004_115.JPG,Mestizos,1920,1280,1920x1280,.JPG,0.6931333541870117,RGB,4.965821939839256,206.01075887044271,Horizontal,False
004_116.JPG,Mestizos,1920,1280,1920x1280,.JPG,0.754669189453125,RGB,6.703011869970957,190.57903198242187,Horizontal,False
004_117.JPG,Mestizos,1920,1280,1920x1280,.JPG,0.7947168350219727,RGB,8.23287719550911,194.2026611328125,Horizontal,False
004_118.JPG,Mestizos,1920,1280,1920x1280,.JPG,0.7179832458496094,RGB,4.11088907695065,189.70641967773437,Horizontal,False
004_119.JPG,Mestizos,1920,1280,1920x1280,.JPG,1.0041170120239258,RGB,4.896842033921182,187.8640812174479,Horizontal,False
004_12.JPG,Mestizos,1920,1280,1920x1280,.JPG,0.9085512161254883,RGB,3.2619083652489715,178.96136555989582,Horizontal,False
004_120.JPG,Mestizos,1920,1280,1920x1280,.JPG,0.7521429061889648,RGB,6.327145992755228,191.0199747721354,Horizontal,False
004_121.JPG,Mestizos,1920,1280,1920x1280,.JPG,0.7348451614379883,RGB,5.608180713824265,183.03845987955728,Horizontal,False
004_122.JPG,Mestizos,1920,1280,1920x1280,.JPG,0.7845268249511719,RGB,5.859333495944738,181.7866385904948,Horizontal,False
004_123.JPG,Mestizos,1920,1280,1920x1280,.JPG,0.9996347427368164,RGB,5.8492980930326715,188.77905802408853,Horizontal,False
004_124.JPG,Mestizos,1920,1280,1920x1280,.JPG,0.7631397247314453,RGB,8.138810211496883,194.48505615234376,Horizontal,False
004_125.JPG,Mestizos,1920,1280,1920x1280,.JPG,0.7218017578125,RGB,5.889549956933657,201.46581420898437,Horizontal,False
004_126.JPG,Mestizos,1920,1280,1920x1280,.JPG,0.8299188613891602,RGB,7.996618648910522,197.4518143717448,Horizontal,False
004_127.jpg,Mestizos,1920,1280,1920x1280,.JPG,0.2195415496826172,RGB,9.935469697507058,201.0431111653646,Horizontal,False
004_128.JPG,Mestizos,1920,1280,1920x1280,.JPG,0.7915267944335938,RGB,9.279784341106811,190.5328621419271,Horizontal,False
004_129.JPG,Mestizos,1920,1280,1920x1280,.JPG,0.7594499588012695,RGB,6.1893798800998265,193.3527351888021,Horizontal,False
004_13.JPG,Mestizos,1920,1280,1920x1280,.JPG,0.9173316955566406,RGB,3.347038149613639,179.29946411132812,Horizontal,False
004_130.JPG,Mestizos,1920,1280,1920x1280,.JPG,0.9900360107421875,RGB,7.559586983815664,204.44479532877605,Horizontal,False
004_131.jpg,Mestizos,1920,1280,1920x1280,.JPG,0.8567171096801758,RGB,3.5199788384331594,197.00591471354167,Horizontal,False
004_132.jpg,Mestizos,1920,1280,1920x1280,.JPG,0.9350194931030273,RGB,4.517536213886572,196.72897786458333,Horizontal,False
004_133.JPG,Mestizos,1920,1280,1920x1280,.JPG,0.9008693695068359,RGB,4.248339435917636,196.51199991861978,Horizontal,False
004_134.jpg,Mestizos,1920,1280,1920x1280,.JPG,0.929387092590332,RGB,4.213203938354386,189.20688151041668,Horizontal,False
004_135.jpg,Mestizos,1920,1280,1920x1280,.JPG,0.8523054122924805,RGB,4.0519567862747445,199.37002400716145,Horizontal,False
004_136.JPG,Mestizos,1920,1280,1920x1280,.JPG,1.0139131546020508,RGB,5.949248853786787,189.01395141601563,Horizontal,False
004_137.JPG,Mestizos,1920,1280,1920x1280,.JPG,0.2015676498413086,RGB,5.340557023363643,194.0848828125,Horizontal,False
004_138.JPG,Mestizos,1920,1280,1920x1280,.JPG,0.9288949966430664,RGB,5.2709643546574645,187.14790161132814,Horizontal,False
004_139.JPG,Mestizos,1920,1280,1920x1280,.JPG,0.8562192916870117,RGB,4.534673665269216,190.87058390299478,Horizontal,False
004_14.JPG,Mestizos,1920,1280,1920x1280,.JPG,0.6323490142822266,RGB,2.897766518559555,185.55662109375,Horizontal,True
004_140.JPG,Mestizos,1920,1280,1920x1280,.JPG,0.9326505661010742,RGB,4.273838704410526,195.81784627278645,Horizontal,False
004_141.JPG,Mestizos,1920,1280,1920x1280,.JPG,0.9541950225830078,RGB,6.0220739744065535,182.94492919921876,Horizontal,False
004_142.JPG,Mestizos,1920,1280,1920x1280,.JPG,0.9989109039306641,RGB,5.317884520649745,185.38300048828125,Horizontal,False
004_143.JPG,Mestizos,1920,1280,1920x1280,.JPG,1.0054435729980469,RGB,6.401435544798108,183.18841145833332,Horizontal,False
004_144.JPG,Mestizos,1920,1280,1920x1280,.JPG,1.0140380859375,RGB,5.855051253824763,184.53130208333334,Horizontal,False
004_145.JPG,Mestizos,1920,1280,1920x1280,.JPG,0.9802532196044922,RGB,6.563413082010879,180.99982218424478,Horizontal,False
004_146.JPG,Mestizos,1920,1280,1920x1280,.JPG,0.9739170074462891,RGB,4.711802552474869,181.23566731770833,Horizontal,False
004_147.JPG,Mestizos,1920,1280,1920x1280,.JPG,0.9286136627197266,RGB,4.641523026091357,200.08712320963542,Horizontal,False
004_148.JPG,Mestizos,1920,1280,1920x1280,.JPG,1.062662124633789,RGB,8.42501585984081,185.52594116210938,Horizontal,False
004_149.JPG,Mestizos,1920,1280,1920x1280,.JPG,0.9375009536743164,RGB,5.389298484134012,163.07696655273438,Horizontal,False
004_15.JPG,Mestizos,1920,1280,1920x1280,.JPG,0.6462888717651367,RGB,3.5940702218199765,177.9551749674479,Horizontal,False
004_150.JPG,Mestizos,1920,1280,1920x1280,.JPG,1.0587968826293945,RGB,6.262249348925882,180.0814090983073,Horizontal,False
004_151.JPG,Mestizos,1920,1280,1920x1280,.JPG,0.9575300216674805,RGB,4.548938392340972,180.9113273111979,Horizontal,False
004_152.JPG,Mestizos,1920,1280,1920x1280,.JPG,0.9002008438110352,RGB,4.329854725730254,186.26841593424479,Horizontal,False
004_153.JPG,Mestizos,1920,1280,1920x1280,.JPG,0.9793291091918945,RGB,6.146842447596126,183.45285115559895,Horizontal,False
004_154.JPG,Mestizos,1920,1280,1920x1280,.JPG,0.9307565689086914,RGB,4.487084543100828,181.90353515625,Horizontal,False
004_155.jpg,Mestizos,1920,1280,1920x1280,.JPG,0.6421098709106445,RGB,5.109965241414805,203.03416341145834,Horizontal,False
004_156.JPG,Mestizos,1920,1280,1920x1280,.JPG,0.9344797134399414,RGB,4.7975948012535765,194.06835856119793,Horizontal,False
004_157.JPG,Mestizos,1920,1280,1920x1280,.JPG,0.8483753204345703,RGB,4.0037093020273575,197.812783203125,Horizontal,False
004_158.JPG,Mestizos,1920,1280,1920x1280,.JPG,0.9126853942871094,RGB,5.166139322397444,202.80688517252605,Horizontal,False
004_159.JPG,Mestizos,1920,1280,1920x1280,.JPG,0.9783744812011719,RGB,5.592282296490504,183.7533907063802,Horizontal,False
004_16.JPG,Mestizos,1920,1280,1920x1280,.JPG,0.7043085098266602,RGB,4.190727130790386,188.34586018880208,Horizontal,False
004_160.JPG,Mestizos,1920,1280,1920x1280,.JPG,0.8784017562866211,RGB,3.985197346726888,192.43885335286458,Horizontal,False
004_161.JPG,Mestizos,1920,1280,1920x1280,.JPG,0.9881629943847656,RGB,4.961532371510399,175.96082560221353,Horizontal,False
004_162.JPG,Mestizos,1920,1280,1920x1280,.JPG,1.009324073791504,RGB,5.02255004581064,188.52260009765624,Horizontal,False
004_163.JPG,Mestizos,1920,1280,1920x1280,.JPG,1.0407676696777344,RGB,6.4940335657714146,179.81751790364584,Horizontal,False
004_164.JPG,Mestizos,1920,1280,1920x1280,.JPG,0.8606195449829102,RGB,3.56251912192487,178.020498046875,Horizontal,False
004_165.JPG,Mestizos,1920,1280,1920x1280,.JPG,0.9548492431640625,RGB,4.874135720729828,183.77582763671876,Horizontal,False
004_166.JPG,Mestizos,1920,1280,1920x1280,.JPG,0.9258413314819336,RGB,4.31907835768842,176.92438069661458,Horizontal,False
004_167.JPG,Mestizos,1920,1280,1920x1280,.JPG,0.9934711456298828,RGB,4.9781750295756595,180.15666829427084,Horizontal,False
004_168.JPG,Mestizos,1920,1280,1920x1280,.JPG,0.946965217590332,RGB,4.720023188172281,179.47359537760417,Horizontal,False
004_169.JPG,Mestizos,1920,1280,1920x1280,.JPG,0.8977670669555664,RGB,4.080170083172454,179.01506876627604,Horizontal,False
004_17.JPG,Mestizos,1920,1280,1920x1280,.JPG,0.696681022644043,RGB,4.225549723279311,191.79666178385418,Horizontal,False
004_170.JPG,Mestizos,1920,1280,1920x1280,.JPG,0.8775577545166016,RGB,4.115367015518083,177.58762817382814,Horizontal,False
004_171.JPG,Mestizos,1920,1280,1920x1280,.JPG,0.9360132217407227,RGB,4.237062159578006,179.9348868815104,Horizontal,False
004_172.JPG,Mestizos,1920,1280,1920x1280,.JPG,0.9276943206787109,RGB,4.216580810081793,180.20373616536457,Horizontal,False
004_173.JPG,Mestizos,1920,1280,1920x1280,.JPG,0.9165363311767578,RGB,4.293581522917748,180.4148396809896,Horizontal,False
004_174.JPG,Mestizos,1920,1280,1920x1280,.JPG,0.9028739929199219,RGB,4.090360102804336,190.75214436848958,Horizontal,False
004_175.JPG,Mestizos,1920,1280,1920x1280,.JPG,0.9865140914916992,RGB,5.019146726401482,173.32918660481772,Horizontal,False
004_176.JPG,Mestizos,1920,1280,1920x1280,.JPG,0.9153900146484375,RGB,4.050108640955389,184.81742797851564,Horizontal,False
004_177.JPG,Mestizos,1920,1280,1920x1280,.JPG,0.9479551315307617,RGB,4.916135253691673,173.83865600585938,Horizontal,False
004_178.JPG,Mestizos,1920,1280,1920x1280,.JPG,0.9106054306030273,RGB,5.902537841431135,178.18867553710936,Horizontal,False
004_179.JPG,Mestizos,1920,1280,1920x1280,.JPG,0.9519748687744141,RGB,5.060839840504858,172.57438842773436,Horizontal,False
004_18.JPG,Mestizos,1920,1280,1920x1280,.JPG,0.8802547454833984,RGB,3.517750244037145,188.56018147786457,Horizontal,False
004_180.JPG,Mestizos,1920,1280,1920x1280,.JPG,0.8741159439086914,RGB,4.136274006179803,178.81335286458332,Horizontal,False
004_181.JPG,Mestizos,1920,1280,1920x1280,.JPG,0.9525022506713867,RGB,6.997820229561958,153.06571166992188,Horizontal,False
004_182.JPG,Mestizos,1920,1280,1920x1280,.JPG,0.9296407699584961,RGB,5.50499674181872,175.5913350423177,Horizontal,False
004_183.JPG,Mestizos,1920,1280,1920x1280,.JPG,0.8904428482055664,RGB,4.271053869564666,184.13912719726562,Horizontal,False
004_184.JPG,Mestizos,1920,1280,1920x1280,.JPG,0.8887529373168945,RGB,4.287774658022821,180.58160400390625,Horizontal,False
004_185.JPG,Mestizos,1920,1280,1920x1280,.JPG,0.8704500198364258,RGB,4.475037422100041,174.7160909016927,Horizontal,False
004_186.JPG,Mestizos,1920,1280,1920x1280,.JPG,0.9161577224731445,RGB,5.009941812785301,167.95974934895833,Horizontal,False
004_187.JPG,Mestizos,1920,1280,1920x1280,.JPG,0.8713855743408203,RGB,4.177340087314281,174.34770711263022,Horizontal,False
004_188.JPG,Mestizos,1920,1280,1920x1280,.JPG,0.9050626754760742,RGB,4.304059235095315,182.47907552083333,Horizontal,False
004_189.JPG,Mestizos,1920,1280,1920x1280,.JPG,0.941889762878418,RGB,4.771894933752054,175.0313525390625,Horizontal,False
004_19.JPG,Mestizos,1920,1280,1920x1280,.JPG,0.6979827880859375,RGB,4.419900712807312,201.29200073242188,Horizontal,False
004_190.JPG,Mestizos,1920,1280,1920x1280,.JPG,0.9125862121582031,RGB,4.236022522610923,178.64298950195314,Horizontal,False
004_191.JPG,Mestizos,1920,1280,1920x1280,.JPG,0.9945449829101562,RGB,5.23393797132704,164.57610921223957,Horizontal,False
004_192.JPG,Mestizos,1920,1280,1920x1280,.JPG,0.9089107513427734,RGB,4.205735240276489,179.00559122721353,Horizontal,False
004_193.JPG,Mestizos,1920,1280,1920x1280,.JPG,0.8796062469482422,RGB,3.9671236163972154,186.34664998372395,Horizontal,False
004_194.JPG,Mestizos,1920,1280,1920x1280,.JPG,0.9730644226074219,RGB,5.536847315628661,175.19999959309897,Horizontal,False
004_195.JPG,Mestizos,1920,1280,1920x1280,.JPG,0.889775276184082,RGB,4.4565901587565735,179.27183349609376,Horizontal,False
004_196.JPG,Mestizos,1920,1280,1920x1280,.JPG,0.8975229263305664,RGB,4.0119246403369635,187.7383760579427,Horizontal,False
004_197.JPG,Mestizos,1920,1280,1920x1280,.JPG,0.9292106628417969,RGB,4.374146627007424,179.1397705078125,Horizontal,False
004_198.JPG,Mestizos,1920,1280,1920x1280,.JPG,0.8791980743408203,RGB,3.9104321287764447,182.08982543945314,Horizontal,False
004_199.JPG,Mestizos,1920,1280,1920x1280,.JPG,1.0438671112060547,RGB,5.652623274377817,165.7774523925781,Horizontal,False
004_2.JPG,Mestizos,1920,1280,1920x1280,.JPG,0.6422691345214844,RGB,3.421381427413722,168.58948160807293,Horizontal,False
004_20.JPG,Mestizos,1920,1280,1920x1280,.JPG,0.6499195098876953,RGB,3.5486962886485784,178.84131469726563,Horizontal,False
004_200.JPG,Mestizos,1920,1280,1920x1280,.JPG,0.9189367294311523,RGB,4.664614256752862,179.23037475585937,Horizontal,False
004_201.JPG,Mestizos,1920,1280,1920x1280,.JPG,0.9130001068115234,RGB,4.327101233916812,175.69528279622395,Horizontal,False
004_202.JPG,Mestizos,1920,1280,1920x1280,.JPG,0.9159440994262695,RGB,4.738083897924258,177.23037434895832,Horizontal,False
004_203.JPG,Mestizos,1920,1280,1920x1280,.JPG,0.956355094909668,RGB,4.8838020827372866,170.22030924479168,Horizontal,False
004_204.JPG,Mestizos,1920,1280,1920x1280,.JPG,0.9270172119140625,RGB,5.0027396640564,166.54184122721355,Horizontal,False
004_205.JPG,Mestizos,1920,1280,1920x1280,.JPG,0.9323024749755859,RGB,4.285846760994692,167.53180013020832,Horizontal,False
004_206.JPG,Mestizos,1920,1280,1920x1280,.JPG,0.9454317092895508,RGB,4.376848143190146,180.09307698567707,Horizontal,False
004_207.JPG,Mestizos,1920,1280,1920x1280,.JPG,1.006753921508789,RGB,5.106853416104945,165.99032348632812,Horizontal,False
004_208.JPG,Mestizos,1920,1280,1920x1280,.JPG,0.9299888610839844,RGB,4.333116047962506,174.6402860514323,Horizontal,False
004_209.JPG,Mestizos,1920,1280,1920x1280,.JPG,0.9145431518554688,RGB,4.666196287894249,176.07454752604167,Horizontal,False
004_21.JPG,Mestizos,1920,1280,1920x1280,.JPG,0.7004165649414062,RGB,4.0992650817871095,163.40533365885418,Horizontal,False
004_210.JPG,Mestizos,1920,1280,1920x1280,.JPG,0.9169893264770508,RGB,5.388802074876759,176.01490193684896,Horizontal,False
004_211.JPG,Mestizos,1920,1280,1920x1280,.JPG,0.9273033142089844,RGB,5.296452636304829,177.2973791503906,Horizontal,False
004_212.JPG,Mestizos,1920,1280,1920x1280,.JPG,0.8851804733276367,RGB,3.6147102752659053,169.15065877278647,Horizontal,False
004_213.JPG,Mestizos,1920,1280,1920x1280,.JPG,0.76959228515625,RGB,3.91764811196261,217.7009305826823,Horizontal,False
004_214.JPG,Mestizos,1920,1280,1920x1280,.JPG,0.8600873947143555,RGB,4.411608479118182,207.77872802734376,Horizontal,False
004_215.JPG,Mestizos,1920,1280,1920x1280,.JPG,0.8001508712768555,RGB,3.70591714805762,216.924072265625,Horizontal,False
004_216.JPG,Mestizos,1920,1280,1920x1280,.JPG,0.8431377410888672,RGB,4.5288240442746215,195.7286857096354,Horizontal,False
004_217.JPG,Mestizos,1920,1280,1920x1280,.JPG,0.9070167541503906,RGB,4.072995198480123,201.08298990885416,Horizontal,False
004_218.JPG,Mestizos,1920,1280,1920x1280,.JPG,0.8785514831542969,RGB,3.968209228478372,197.25837280273439,Horizontal,False
004_219.JPG,Mestizos,1920,1280,1920x1280,.JPG,0.9734373092651367,RGB,6.675068764380448,198.87142578125,Horizontal,False
004_22.JPG,Mestizos,1920,1280,1920x1280,.JPG,0.5930471420288086,RGB,2.532544749418232,163.0378670247396,Horizontal,True
004_220.JPG,Mestizos,1920,1280,1920x1280,.JPG,0.9528217315673828,RGB,4.897990717758073,197.71283487955728,Horizontal,False
004_221.JPG,Mestizos,1920,1280,1920x1280,.JPG,0.9719657897949219,RGB,9.415074866729313,185.74771362304688,Horizontal,False
004_222.JPG,Mestizos,1920,1280,1920x1280,.JPG,1.0111103057861328,RGB,6.946634928319189,204.94967407226562,Horizontal,False
004_223.JPG,Mestizos,1920,1280,1920x1280,.JPG,0.7520952224731445,RGB,3.9478767890824216,203.15296020507813,Horizontal,False
004_224.JPG,Mestizos,1920,1280,1920x1280,.JPG,0.91619873046875,RGB,4.097653807534112,208.45971638997395,Horizontal,False
004_225.JPG,Mestizos,1920,1280,1920x1280,.JPG,0.9664859771728516,RGB,4.989746499093208,207.6548848470052,Horizontal,False
004_226.JPG,Mestizos,1920,1280,1920x1280,.JPG,0.9337158203125,RGB,5.669538974161778,195.65980631510416,Horizontal,False
004_227.JPG,Mestizos,1920,1280,1920x1280,.JPG,0.8961286544799805,RGB,4.905821124511295,163.25680704752605,Horizontal,False
004_228.JPG,Mestizos,1920,1280,1920x1280,.JPG,0.9077520370483398,RGB,3.7575716096851557,204.11409138997396,Horizontal,False
004_229.JPG,Mestizos,1920,1280,1920x1280,.JPG,0.6246881484985352,RGB,3.1285091139051646,200.5017293294271,Horizontal,True
004_23.JPG,Mestizos,1920,1280,1920x1280,.JPG,0.6032943725585938,RGB,2.663456151315901,155.94209676106772,Horizontal,True
004_230.JPG,Mestizos,1920,1280,1920x1280,.JPG,0.6462802886962891,RGB,3.9550191236918164,188.50058959960938,Horizontal,False
004_231.JPG,Mestizos,1920,1280,1920x1280,.JPG,0.7101163864135742,RGB,4.72032877418134,190.09111653645834,Horizontal,False
004_232.JPG,Mestizos,1920,1280,1920x1280,.JPG,0.6803550720214844,RGB,3.974943434066077,189.86103759765626,Horizontal,False
004_233.JPG,Mestizos,1920,1280,1920x1280,.JPG,0.6705389022827148,RGB,4.173154296725988,187.94270548502604,Horizontal,False
004_234.JPG,Mestizos,1920,1280,1920x1280,.JPG,0.6179742813110352,RGB,3.3271752924859523,182.87061116536458,Horizontal,False
004_235.JPG,Mestizos,1920,1280,1920x1280,.JPG,0.8036527633666992,RGB,5.8687524400048785,182.33858561197917,Horizontal,False
004_236.JPG,Mestizos,1920,1280,1920x1280,.JPG,0.6199073791503906,RGB,4.292403971330324,203.456796875,Horizontal,False
004_237.JPG,Mestizos,1920,1280,1920x1280,.JPG,0.6055612564086914,RGB,3.6190629068995515,204.96156656901042,Horizontal,False
004_238.JPG,Mestizos,1920,1280,1920x1280,.JPG,0.631805419921875,RGB,4.044230549851888,205.54394083658855,Horizontal,False
004_239.JPG,Mestizos,1920,1280,1920x1280,.JPG,0.7065391540527344,RGB,6.075294189022482,190.8125789388021,Horizontal,False
004_24.JPG,Mestizos,1920,1280,1920x1280,.JPG,0.5986623764038086,RGB,2.5273673464351227,159.62755900065105,Horizontal,True
004_240.JPG,Mestizos,1920,1280,1920x1280,.JPG,0.7039585113525391,RGB,4.341964924430681,198.3881103515625,Horizontal,False
004_241.JPG,Mestizos,1920,1280,1920x1280,.JPG,0.6307582855224609,RGB,3.9265897580780917,202.67485514322917,Horizontal,False
004_242.JPG,Mestizos,1920,1280,1920x1280,.JPG,0.7455253601074219,RGB,5.949727375345759,206.25220133463543,Horizontal,False
004_243.JPG,Mestizos,1920,1280,1920x1280,.JPG,0.6686553955078125,RGB,3.080256343830956,181.75011352539062,Horizontal,True
004_244.JPG,Mestizos,1920,1280,1920x1280,.JPG,0.6526966094970703,RGB,4.032968329270515,183.15138916015624,Horizontal,False
004_245.JPG,Mestizos,1920,1280,1920x1280,.JPG,1.0335588455200195,RGB,9.528036290088627,199.20989379882812,Horizontal,False
004_246.JPG,Mestizos,1920,1280,1920x1280,.JPG,1.0095024108886719,RGB,6.8718465155257125,183.94696858723958,Horizontal,False
004_247.JPG,Mestizos,1920,1280,1920x1280,.JPG,1.020467758178711,RGB,6.655421548959944,183.32807169596353,Horizontal,False
004_248.JPG,Mestizos,1920,1280,1920x1280,.JPG,0.9046535491943359,RGB,6.787346190346612,192.09963338216147,Horizontal,False
004_249.JPG,Mestizos,1920,1280,1920x1280,.JPG,0.9782533645629883,RGB,6.64361327752471,186.62072224934897,Horizontal,False
004_25.JPG,Mestizos,1920,1280,1920x1280,.JPG,0.955693244934082,RGB,3.2489274028771455,186.45871012369793,Horizontal,True
004_250.JPG,Mestizos,1920,1280,1920x1280,.JPG,0.9570837020874023,RGB,6.169305419383943,203.4937967936198,Horizontal,False
004_251.JPG,Mestizos,1920,1280,1920x1280,.JPG,0.939788818359375,RGB,5.357303045192692,188.6518172200521,Horizontal,False
004_252.JPG,Mestizos,1920,1280,1920x1280,.JPG,0.9849824905395508,RGB,4.955944822692871,207.90761189778647,Horizontal,False
004_253.JPG,Mestizos,1920,1280,1920x1280,.JPG,1.0561790466308594,RGB,7.845789786688321,193.17572184244793,Horizontal,False
004_254.JPG,Mestizos,1920,1280,1920x1280,.JPG,0.8634777069091797,RGB,5.804142652547194,196.2085213216146,Horizontal,False
004_255.JPG,Mestizos,1920,1280,1920x1280,.JPG,0.7618265151977539,RGB,3.3939603612818647,200.40869181315105,Horizontal,False
004_256.JPG,Mestizos,1920,1280,1920x1280,.JPG,0.8718252182006836,RGB,4.9553495279933015,203.33797241210937,Horizontal,False
004_257.JPG,Mestizos,1920,1280,1920x1280,.JPG,0.568812370300293,RGB,2.5191507831174467,166.7523445638021,Horizontal,True
004_258.JPG,Mestizos,1920,1280,1920x1280,.JPG,0.7660560607910156,RGB,4.430312499976158,171.74124186197918,Horizontal,False
004_259.JPG,Mestizos,1920,1280,1920x1280,.JPG,0.4501457214355469,RGB,2.6009684230162033,176.47459798177084,Horizontal,True
004_26.JPG,Mestizos,1920,1280,1920x1280,.JPG,0.7421875,RGB,6.17149332384997,193.18324544270834,Horizontal,False
004_260.JPG,Mestizos,1920,1280,1920x1280,.JPG,0.31127452850341797,RGB,2.609725366168552,181.72567749023438,Horizontal,True
004_261.JPG,Mestizos,1920,1280,1920x1280,.JPG,0.6847038269042969,RGB,4.841739484892785,214.05403645833334,Horizontal,False
004_262.JPG,Mestizos,1920,1280,1920x1280,.JPG,0.6809787750244141,RGB,7.875500894847016,220.88931030273437,Horizontal,False
004_263.JPG,Mestizos,1920,1280,1920x1280,.JPG,0.8566112518310547,RGB,13.124870665701064,182.25984781901042,Horizontal,False
004_264.JPG,Mestizos,1920,1280,1920x1280,.JPG,0.7969913482666016,RGB,6.371378173084888,197.00416097005208,Horizontal,False
004_265.JPG,Mestizos,1920,1280,1920x1280,.JPG,0.7907047271728516,RGB,7.782292856898407,198.0822888183594,Horizontal,False
004_266.JPG,Mestizos,1920,1280,1920x1280,.JPG,0.8106002807617188,RGB,5.457092285145654,167.68055989583334,Horizontal,False
004_267.JPG,Mestizos,1920,1280,1920x1280,.JPG,0.9124212265014648,RGB,3.864823403888278,182.2462312825521,Horizontal,False
004_268.JPG,Mestizos,1920,1280,1920x1280,.JPG,0.9607753753662109,RGB,4.607755125866831,169.2568855794271,Horizontal,False
004_269.JPG,Mestizos,1920,1280,1920x1280,.JPG,0.6853446960449219,RGB,4.872368976857265,223.9559423828125,Horizontal,False
004_27.JPG,Mestizos,1920,1280,1920x1280,.JPG,0.780879020690918,RGB,8.661960441350274,168.11988118489583,Horizontal,False
004_270.JPG,Mestizos,1920,1280,1920x1280,.JPG,0.8723621368408203,RGB,5.4555900000194715,209.37748006184896,Horizontal,False
004_271.JPG,Mestizos,1920,1280,1920x1280,.JPG,0.7302007675170898,RGB,5.918596190958553,207.71819905598957,Horizontal,False
004_272.JPG,Mestizos,1920,1280,1920x1280,.JPG,0.8397417068481445,RGB,5.940610350280337,181.2850956217448,Horizontal,False
004_273.JPG,Mestizos,1920,1280,1920x1280,.JPG,0.7367191314697266,RGB,4.4736738758284185,178.71821980794272,Horizontal,False
004_274.JPG,Mestizos,1920,1280,1920x1280,.JPG,0.7571630477905273,RGB,5.9294689913854,200.66893432617186,Horizontal,False
004_275.JPG,Mestizos,1920,1280,1920x1280,.JPG,0.7797279357910156,RGB,6.839536936100324,186.84385091145833,Horizontal,False
004_276.JPG,Mestizos,1920,1280,1920x1280,.JPG,0.8027563095092773,RGB,6.672228189382951,168.68198404947915,Horizontal,False
004_277.JPG,Mestizos,1920,1280,1920x1280,.JPG,0.7146158218383789,RGB,4.71913166893853,207.05719360351563,Horizontal,False
004_278.JPG,Mestizos,1920,1280,1920x1280,.JPG,0.964259147644043,RGB,5.573367103930149,206.65517049153647,Horizontal,False
004_279.JPG,Mestizos,1920,1280,1920x1280,.JPG,0.8064937591552734,RGB,7.698060302336845,191.50153361002603,Horizontal,False
004_28.JPG,Mestizos,1920,1280,1920x1280,.JPG,0.8709173202514648,RGB,3.384417716375821,181.01050618489583,Horizontal,False
004_280.JPG,Mestizos,1920,1280,1920x1280,.JPG,0.6325407028198242,RGB,3.84626057796412,215.09935953776042,Horizontal,False
004_29.JPG,Mestizos,1920,1280,1920x1280,.JPG,0.6261262893676758,RGB,3.0586230234675935,170.88430338541667,Horizontal,True
004_3.JPG,Mestizos,1920,1280,1920x1280,.JPG,0.6473989486694336,RGB,3.2054455563623043,161.27232869466147,Horizontal,True
004_30.JPG,Mestizos,1920,1280,1920x1280,.JPG,0.6401119232177734,RGB,3.2498189276044562,179.76440185546875,Horizontal,True
004_31.JPG,Mestizos,1920,1280,1920x1280,.JPG,0.7969465255737305,RGB,3.5177168780285455,179.11516967773437,Horizontal,False
004_32.JPG,Mestizos,1920,1280,1920x1280,.JPG,0.5894947052001953,RGB,3.2134696438708237,188.50709798177084,Horizontal,True
004_33.JPG,Mestizos,1920,1280,1920x1280,.JPG,0.9880657196044922,RGB,4.532145856565236,176.93309814453124,Horizontal,False
004_34.JPG,Mestizos,1920,1280,1920x1280,.JPG,0.9265651702880859,RGB,4.303554683674706,198.40391357421876,Horizontal,False
004_35.JPG,Mestizos,1920,1280,1920x1280,.JPG,0.6803655624389648,RGB,4.1714208970361275,190.54154825846354,Horizontal,False
004_36.JPG,Mestizos,1920,1280,1920x1280,.JPG,0.6374750137329102,RGB,3.1057666015565393,192.42879150390624,Horizontal,True
004_37.JPG,Mestizos,1920,1280,1920x1280,.JPG,0.777186393737793,RGB,6.756279699377053,189.84860229492188,Horizontal,False
004_38.JPG,Mestizos,1920,1280,1920x1280,.JPG,1.0236711502075195,RGB,3.784516588581933,180.96337931315105,Horizontal,False
004_39.JPG,Mestizos,1920,1280,1920x1280,.JPG,0.72894287109375,RGB,4.861942138014733,161.69716430664062,Horizontal,False
004_4.JPG,Mestizos,1920,1280,1920x1280,.JPG,0.686279296875,RGB,3.998095296176109,193.12860432942708,Horizontal,False
004_40.JPG,Mestizos,1920,1280,1920x1280,.JPG,0.6984472274780273,RGB,3.9506604003772137,178.13055338541668,Horizontal,False
004_41.JPG,Mestizos,1920,1280,1920x1280,.JPG,0.6848134994506836,RGB,3.914992674922943,198.66939575195312,Horizontal,False
004_42.JPG,Mestizos,1920,1280,1920x1280,.JPG,0.7183618545532227,RGB,4.255954180187484,189.92526896158853,Horizontal,False
004_43.JPG,Mestizos,1920,1280,1920x1280,.JPG,0.7436246871948242,RGB,5.325568033851518,186.13346354166666,Horizontal,False
004_44.JPG,Mestizos,1920,1280,1920x1280,.JPG,0.5211610794067383,RGB,5.658910992701683,203.11796223958333,Horizontal,False
004_45.JPG,Mestizos,1920,1280,1920x1280,.JPG,0.7987394332885742,RGB,5.750028453866641,160.44029825846354,Horizontal,False
004_46.JPG,Mestizos,1920,1280,1920x1280,.JPG,0.6872215270996094,RGB,4.506855061775942,188.72740681966147,Horizontal,False
004_47.JPG,Mestizos,1920,1280,1920x1280,.JPG,0.7386636734008789,RGB,6.755779621981913,192.55353190104168,Horizontal,False
004_48.JPG,Mestizos,1920,1280,1920x1280,.JPG,0.7284431457519531,RGB,6.294861246641311,190.83115315755208,Horizontal,False
004_49.JPG,Mestizos,1920,1280,1920x1280,.JPG,0.7248458862304688,RGB,4.636097410615119,185.1146044921875,Horizontal,False
004_5.JPG,Mestizos,1920,1280,1920x1280,.JPG,0.6606550216674805,RGB,3.762336826256745,186.15685424804687,Horizontal,False
004_50.JPG,Mestizos,1920,1280,1920x1280,.JPG,0.7247533798217773,RGB,5.468819164418513,186.84478149414062,Horizontal,False
004_51.JPG,Mestizos,1920,1280,1920x1280,.JPG,0.6965560913085938,RGB,4.301300043872827,186.94701822916667,Horizontal,False
004_52.JPG,Mestizos,1920,1280,1920x1280,.JPG,0.6396865844726562,RGB,3.6048318388129275,188.62036987304688,Horizontal,False
004_53.JPG,Mestizos,1920,1280,1920x1280,.JPG,0.6302070617675781,RGB,4.263719476997688,191.23838541666666,Horizontal,False
004_54.JPG,Mestizos,1920,1280,1920x1280,.JPG,0.7207431793212891,RGB,6.135909825244878,192.1228096516927,Horizontal,False
004_55.JPG,Mestizos,1920,1280,1920x1280,.JPG,0.6562166213989258,RGB,4.097718902903133,187.44569091796876,Horizontal,False
004_56.JPG,Mestizos,1920,1280,1920x1280,.JPG,0.6642494201660156,RGB,3.6077185028418897,191.80119873046874,Horizontal,False
004_57.JPG,Mestizos,1920,1280,1920x1280,.JPG,0.7030525207519531,RGB,4.830141601079703,184.0014424641927,Horizontal,False
004_58.JPG,Mestizos,1920,1280,1920x1280,.JPG,0.741541862487793,RGB,7.396909171673986,186.79871826171876,Horizontal,False
004_59.JPG,Mestizos,1920,1280,1920x1280,.JPG,0.7711582183837891,RGB,5.937984615754916,186.55698567708333,Horizontal,False
004_6.JPG,Mestizos,1920,1280,1920x1280,.JPG,0.7307186126708984,RGB,4.96562337204549,180.2289579264323,Horizontal,False
004_60.JPG,Mestizos,1920,1280,1920x1280,.JPG,0.711125373840332,RGB,4.064460446834564,195.23459350585938,Horizontal,False
004_61.JPG,Mestizos,1920,1280,1920x1280,.JPG,0.7386560440063477,RGB,8.251445719373061,189.27636678059895,Horizontal,False
004_62.JPG,Mestizos,1920,1280,1920x1280,.JPG,0.6628198623657227,RGB,4.146320392739607,198.80550903320312,Horizontal,False
004_63.JPG,Mestizos,1920,1280,1920x1280,.JPG,0.7370214462280273,RGB,5.703401692642106,195.7204207356771,Horizontal,False
004_64.JPG,Mestizos,1920,1280,1920x1280,.JPG,1.0690422058105469,RGB,5.997770180063777,156.1017460123698,Horizontal,False
004_65.JPG,Mestizos,1920,1280,1920x1280,.JPG,0.7009620666503906,RGB,4.872788486412995,201.26599161783855,Horizontal,False
004_66.JPG,Mestizos,1920,1280,1920x1280,.JPG,0.6861553192138672,RGB,4.3798038727415936,198.2302087402344,Horizontal,False
004_67.JPG,Mestizos,1920,1280,1920x1280,.JPG,0.6801815032958984,RGB,4.3226847293476265,195.59904825846354,Horizontal,False
004_68.JPG,Mestizos,1920,1280,1920x1280,.JPG,0.6469097137451172,RGB,3.908485107413762,199.6033390299479,Horizontal,False
004_69.JPG,Mestizos,1920,1280,1920x1280,.JPG,0.8964633941650391,RGB,4.093779701351954,193.531015625,Horizontal,False
004_7.JPG,Mestizos,1920,1280,1920x1280,.JPG,0.6413373947143555,RGB,3.238391510724856,189.56240397135417,Horizontal,True
004_70.JPG,Mestizos,1920,1280,1920x1280,.JPG,0.6416072845458984,RGB,3.9011657653171157,193.62510904947916,Horizontal,False
004_71.JPG,Mestizos,1920,1280,1920x1280,.JPG,0.686161994934082,RGB,4.705113932211532,190.92378743489584,Horizontal,False
004_72.JPG,Mestizos,1920,1280,1920x1280,.JPG,0.9963798522949219,RGB,5.703219398413102,186.8274239095052,Horizontal,False
004_73.JPG,Mestizos,1920,1280,1920x1280,.JPG,0.7114124298095703,RGB,4.609783922473424,191.8698701985677,Horizontal,False
004_74.JPG,Mestizos,1920,1280,1920x1280,.JPG,0.6248817443847656,RGB,3.5654439146278634,196.27108805338543,Horizontal,False
004_75.JPG,Mestizos,1920,1280,1920x1280,.JPG,0.9628496170043945,RGB,6.209327392490539,190.55081217447918,Horizontal,False
004_76.JPG,Mestizos,1920,1280,1920x1280,.JPG,0.7043733596801758,RGB,5.16862101216697,187.72652547200522,Horizontal,False
004_77.JPG,Mestizos,1920,1280,1920x1280,.JPG,0.6839628219604492,RGB,4.85501830804199,198.55780639648438,Horizontal,False
004_78.JPG,Mestizos,1920,1280,1920x1280,.JPG,0.7024002075195312,RGB,4.377897542317543,200.69031168619793,Horizontal,False
004_79.JPG,Mestizos,1920,1280,1920x1280,.JPG,0.6745386123657227,RGB,4.581871326784127,199.61202555338542,Horizontal,False
004_8.JPG,Mestizos,1920,1280,1920x1280,.JPG,0.6645145416259766,RGB,3.342908527244462,183.11957356770833,Horizontal,False
004_80.JPG,Mestizos,1920,1280,1920x1280,.JPG,0.7141551971435547,RGB,5.528603507756525,189.927001953125,Horizontal,False
004_81.JPG,Mestizos,1920,1280,1920x1280,.JPG,0.9767684936523438,RGB,5.10726643757754,196.24334635416668,Horizontal,False
004_82.JPG,Mestizos,1920,1280,1920x1280,.JPG,0.6556529998779297,RGB,3.9662414548753033,205.83197224934895,Horizontal,False
004_83.JPG,Mestizos,1920,1280,1920x1280,.JPG,0.6661596298217773,RGB,4.005591630187962,201.5057987467448,Horizontal,False
004_84.JPG,Mestizos,1920,1280,1920x1280,.JPG,0.6951532363891602,RGB,5.251039223108688,201.59411580403645,Horizontal,False
004_85.JPG,Mestizos,1920,1280,1920x1280,.JPG,0.6600284576416016,RGB,3.879582106715938,201.65701009114582,Horizontal,False
004_86.JPG,Mestizos,1920,1280,1920x1280,.JPG,0.7063188552856445,RGB,4.225386549498638,197.3527372233073,Horizontal,False
004_87.jpg,Mestizos,1920,1280,1920x1280,.JPG,0.19893360137939453,RGB,4.050188974220886,212.55606526692708,Horizontal,False
004_88.JPG,Mestizos,1920,1280,1920x1280,.JPG,0.7616157531738281,RGB,9.72041015583608,195.03353637695312,Horizontal,False
004_89.JPG,Mestizos,1920,1280,1920x1280,.JPG,0.6722526550292969,RGB,4.619942219940159,199.07314697265625,Horizontal,False
004_9.JPG,Mestizos,1920,1280,1920x1280,.JPG,0.8187084197998047,RGB,7.472255858653784,160.95239013671875,Horizontal,False
004_90.JPG,Mestizos,1920,1280,1920x1280,.JPG,0.6769142150878906,RGB,4.302228190087609,199.1179626464844,Horizontal,False
004_91.JPG,Mestizos,1920,1280,1920x1280,.JPG,0.7342433929443359,RGB,6.524482013992303,196.07986287434895,Horizontal,False
004_92.JPG,Mestizos,1920,1280,1920x1280,.JPG,0.7841310501098633,RGB,6.359346460071538,193.32385375976563,Horizontal,False
004_93.JPG,Mestizos,1920,1280,1920x1280,.JPG,0.7079133987426758,RGB,4.31822428325812,191.3666316731771,Horizontal,False
004_94.JPG,Mestizos,1920,1280,1920x1280,.JPG,0.7961902618408203,RGB,8.630853264927698,183.33200154622395,Horizontal,False
004_95.JPG,Mestizos,1920,1280,1920x1280,.JPG,0.7467279434204102,RGB,5.990178627133204,180.7903572591146,Horizontal,False
004_96.JPG,Mestizos,1920,1280,1920x1280,.JPG,1.1043739318847656,RGB,5.045489499111804,196.8962561035156,Horizontal,False
004_97.JPG,Mestizos,1920,1280,1920x1280,.JPG,0.7286882400512695,RGB,4.70662027305762,186.4592960611979,Horizontal,False
004_98.jpg,Mestizos,1920,1280,1920x1280,.JPG,0.21435546875,RGB,8.510571715156072,188.38156575520833,Horizontal,False
004_99.JPG,Mestizos,1920,1280,1920x1280,.JPG,0.8465337753295898,RGB,5.243618549146751,195.5472587076823,Horizontal,False
